Variable,Value
c,0.8092618250
h,0.2938146727
k,11.1618000943
x,0.2790450024
y,1.0883068274
w,2.3705976394
r,0.0351010101
p_hat,1.2356940227
z,1.0000000000
g,1.0140000000
k_state,11.1618000943
log_y,0.0846231191
log_c,-0.2116327740
log_x,-1.2763822114
log_h,-1.2248060754
log_k_state,2.4124972427
log_prod,1.3094291945
log_p_hat,0.2116327740
