Variable,Value
c,0.8205914906
h,0.2979280781
k,11.3180652956
x,0.2829516324
y,1.1035431230
w,2.3705976394
r,0.0351010101
phat,1.2186331585
z,1.0000000000
g,1.0000000000
k_state,11.3180652956
log_y,0.0985260243
log_c,-0.1977298688
log_x,-1.2624793062
log_h,-1.2109031702
log_k_state,2.4264001479
log_prod,1.3094291945
log_phat,0.1977298688
